44.425312,26.131975,Small shop,FALSE,FALSE,FALSE
44.423626,26.131021,Small shop,FALSE,TRUE,FALSE
44.426788,26.134172,Small shop,FALSE,FALSE,FALSE
44.42852,26.134714,Small shop,FALSE,FALSE,FALSE
44.423092,26.134218,Supermarket,TRUE,FALSE,TRUE
44.420479,26.133869,Small shop,FALSE,TRUE,FALSE
44.418766,26.132896,Small shop,FALSE,FALSE,FALSE
44.418224,26.134069,Small shop,FALSE,FALSE,FALSE
44.417217,26.132101,Small shop,FALSE,FALSE,FALSE
44.417301,26.130629,Small shop,FALSE,FALSE,FALSE
44.417099,26.129927,Small shop,FALSE,TRUE,FALSE
44.418114,26.129335,Small shop,FALSE,TRUE,FALSE
44.418297,26.129383,Small shop,FALSE,FALSE,FALSE
44.41864,26.129547,Small shop,FALSE,FALSE,FALSE
44.419113,26.129663,Small shop,FALSE,FALSE,FALSE
44.41959,26.129902,Supermarket,TRUE,FALSE,TRUE
44.421028,26.130882,Small shop,FALSE,FALSE,FALSE
44.421822,26.129284,Small shop,FALSE,FALSE,FALSE
44.422569,26.129938,Small shop,FALSE,FALSE,FALSE
44.418484,26.127901,Small shop,FALSE,TRUE,FALSE
44.417995,26.126987,Small shop,FALSE,FALSE,FALSE
44.398357,26.115236,Small shop,FALSE,FALSE,FALSE
44.397518,26.114683,Small shop,FALSE,FALSE,FALSE
44.397614,26.114883,Small shop,FALSE,FALSE,FALSE
44.397182,26.115368,Small shop,FALSE,FALSE,FALSE
44.395599,26.116858,Small shop,FALSE,FALSE,FALSE
44.393673,26.12039,Supermarket,TRUE,FALSE,TRUE
44.394272,26.119516,Small shop,FALSE,FALSE,FALSE
44.394604,26.118616,Small shop,FALSE,FALSE,FALSE
44.39492,26.117458,Small shop,FALSE,FALSE,FALSE
44.395195,26.116814,Small shop,FALSE,FALSE,FALSE
44.395378,26.116388,Small shop,FALSE,FALSE,FALSE
44.3955,26.116037,Supermarket,TRUE,FALSE,TRUE
44.396423,26.113628,Small shop,FALSE,FALSE,FALSE
44.396473,26.11344,Small shop,FALSE,TRUE,FALSE
44.44371,26.061974,Hypermarket,TRUE,FALSE,TRUE
44.445038,26.057343,Small shop,FALSE,TRUE,FALSE
44.444096,26.056866,Small shop,FALSE,FALSE,FALSE
44.445404,26.053127,Small shop,FALSE,TRUE,FALSE
44.446354,26.05195,Small shop,FALSE,FALSE,FALSE
44.444538,26.055716,Small shop,FALSE,FALSE,FALSE
44.44487,26.055851,Small shop,FALSE,FALSE,FALSE
44.44553,26.058899,Small shop,FALSE,TRUE,FALSE
44.443104,26.062307,Small shop,FALSE,TRUE,FALSE
44.434399,26.08375,Small shop,FALSE,FALSE,FALSE
44.434547,26.084564,Small shop,FALSE,FALSE,FALSE
44.434551,26.085234,Small shop,FALSE,FALSE,FALSE
44.434383,26.087505,Small shop,FALSE,TRUE,FALSE
44.434963,26.087385,Small shop,FALSE,FALSE,FALSE
44.434631,26.089712,Small shop,FALSE,FALSE,FALSE
44.433887,26.089005,Small shop,FALSE,FALSE,FALSE
44.433601,26.089252,Small shop,FALSE,TRUE,FALSE
44.434135,26.08963,Small shop,FALSE,FALSE,FALSE
44.421928,26.090788,Supermarket,TRUE,FALSE,TRUE
44.421711,26.089993,Small shop,FALSE,TRUE,FALSE
44.421776,26.091303,Small shop,FALSE,FALSE,FALSE
44.422787,26.096073,Small shop,FALSE,FALSE,FALSE
44.42276,26.096352,Small shop,FALSE,FALSE,FALSE
44.423027,26.099806,Small shop,FALSE,FALSE,FALSE
44.423264,26.100292,Small shop,FALSE,FALSE,FALSE
44.423561,26.100224,Small shop,FALSE,FALSE,FALSE
44.424873,26.102985,Small shop,FALSE,FALSE,FALSE
44.424496,26.102955,Small shop,FALSE,FALSE,FALSE
44.421741,26.102764,Small shop,FALSE,FALSE,FALSE
44.421497,26.102724,Supermarket,TRUE,FALSE,TRUE
44.421707,26.102976,Small shop,FALSE,FALSE,FALSE
44.419636,26.10393,Small shop,FALSE,FALSE,FALSE
44.414539,26.105099,Hypermarket,TRUE,FALSE,TRUE
44.413761,26.105719,Supermarket,TRUE,FALSE,TRUE
44.418949,26.137825,Small shop,FALSE,FALSE,FALSE
44.418915,26.137604,Small shop,FALSE,FALSE,FALSE
44.398106,26.108553,Small shop,FALSE,FALSE,FALSE
44.39798,26.108618,Small shop,FALSE,TRUE,FALSE
44.397507,26.107689,Small shop,FALSE,FALSE,FALSE
44.397213,26.10755,Small shop,FALSE,FALSE,FALSE
44.396587,26.108065,Supermarket,TRUE,FALSE,TRUE
44.397022,26.108191,Small shop,FALSE,FALSE,FALSE
44.397121,26.108393,Small shop,FALSE,FALSE,FALSE
44.39851,26.105745,Small shop,FALSE,FALSE,FALSE
44.398701,26.105347,Small shop,FALSE,FALSE,FALSE
44.399769,26.104662,Small shop,FALSE,FALSE,FALSE
44.398617,26.102819,Small shop,FALSE,FALSE,FALSE
44.398235,26.103559,Small shop,FALSE,FALSE,FALSE
44.398338,26.104607,Small shop,FALSE,FALSE,FALSE
44.398651,26.10775,Small shop,FALSE,FALSE,FALSE
44.427574,26.099083,Small shop,FALSE,FALSE,FALSE
44.427551,26.098701,Small shop,FALSE,FALSE,FALSE
44.427574,26.098083,Small shop,FALSE,FALSE,FALSE
44.429722,26.094452,Small shop,FALSE,TRUE,FALSE
44.42889,26.095402,Supermarket,TRUE,FALSE,TRUE
44.427555,26.09738,Hypermarket,TRUE,FALSE,TRUE
44.370922,26.140688,Supermarket,TRUE,FALSE,TRUE
44.380363,26.168474,Supermarket,TRUE,FALSE,TRUE
44.382641,26.132517,Supermarket,TRUE,FALSE,TRUE
44.382504,26.123789,Supermarket,TRUE,FALSE,TRUE
44.390625,26.128155,Supermarket,TRUE,FALSE,TRUE
44.389069,26.13176,Supermarket,TRUE,FALSE,TRUE
44.385036,26.109604,Supermarket,TRUE,FALSE,TRUE
44.391708,26.110163,Supermarket,TRUE,FALSE,TRUE
44.385029,26.109615,Supermarket,TRUE,FALSE,TRUE
44.383224,26.100992,Supermarket,TRUE,FALSE,TRUE
44.380142,26.099812,Supermarket,TRUE,FALSE,TRUE
44.380157,26.092493,Supermarket,TRUE,FALSE,TRUE
44.391483,26.093367,Supermarket,TRUE,FALSE,TRUE
44.401642,26.097448,Supermarket,TRUE,FALSE,TRUE
44.41246,26.073103,Supermarket,TRUE,FALSE,TRUE
44.412647,26.064287,Supermarket,TRUE,FALSE,TRUE
44.415192,26.061584,Supermarket,TRUE,FALSE,TRUE
44.422012,26.090818,Supermarket,TRUE,FALSE,TRUE
44.425354,26.097469,Supermarket,TRUE,FALSE,TRUE
44.427254,26.099787,Supermarket,TRUE,FALSE,TRUE
44.428509,26.104218,Supermarket,TRUE,FALSE,TRUE
44.413555,26.109137,Supermarket,TRUE,FALSE,TRUE
44.412308,26.114149,Supermarket,TRUE,FALSE,TRUE
44.421684,26.117397,Supermarket,TRUE,FALSE,TRUE
44.423058,26.124308,Supermarket,TRUE,FALSE,TRUE
44.431629,26.137541,Supermarket,TRUE,FALSE,TRUE
44.431496,26.129744,Supermarket,TRUE,FALSE,TRUE
44.431416,26.12977,Supermarket,TRUE,FALSE,TRUE
44.436081,26.136551,Supermarket,TRUE,FALSE,TRUE
44.439468,26.123085,Supermarket,TRUE,FALSE,TRUE
44.44437,26.129738,Supermarket,TRUE,FALSE,TRUE
44.44725,26.122484,Supermarket,TRUE,FALSE,TRUE
44.444309,26.118406,Supermarket,TRUE,FALSE,TRUE
44.449978,26.123428,Supermarket,TRUE,FALSE,TRUE
44.451546,26.120184,Supermarket,TRUE,FALSE,TRUE
44.444763,26.111309,Supermarket,TRUE,FALSE,TRUE
44.437714,26.113605,Supermarket,TRUE,FALSE,TRUE
44.433327,26.120205,Supermarket,TRUE,FALSE,TRUE
44.451252,26.099405,Supermarket,TRUE,FALSE,TRUE
44.451973,26.079546,Supermarket,TRUE,FALSE,TRUE
44.45779,26.06813,Supermarket,TRUE,FALSE,TRUE
44.45787,26.067249,Supermarket,TRUE,FALSE,TRUE
44.457993,26.078386,Supermarket,TRUE,FALSE,TRUE
44.420334,26.065674,Supermarket,TRUE,FALSE,TRUE
44.41914,26.043316,Supermarket,TRUE,FALSE,TRUE
44.423275,26.041256,Supermarket,TRUE,FALSE,TRUE
44.423,26.035547,Supermarket,TRUE,FALSE,TRUE
44.426098,26.024345,Supermarket,TRUE,FALSE,TRUE
44.42263,26.021814,Supermarket,TRUE,FALSE,TRUE
44.419907,26.02383,Supermarket,TRUE,FALSE,TRUE
44.4188,26.01306,Supermarket,TRUE,FALSE,TRUE
44.41135,26.015593,Supermarket,TRUE,FALSE,TRUE
44.407307,25.989243,Supermarket,TRUE,FALSE,TRUE
44.431213,25.988213,Supermarket,TRUE,FALSE,TRUE
44.433971,26.033529,Supermarket,TRUE,FALSE,TRUE
44.458115,26.052671,Supermarket,TRUE,FALSE,TRUE
44.460075,25.985037,Supermarket,TRUE,FALSE,TRUE
44.471714,26.049152,Supermarket,TRUE,FALSE,TRUE
44.477348,26.044601,Supermarket,TRUE,FALSE,TRUE
44.484879,26.05533,Supermarket,TRUE,FALSE,TRUE
44.496059,26.131657,Supermarket,TRUE,FALSE,TRUE
44.522125,26.143551,Supermarket,TRUE,FALSE,TRUE
44.514294,26.115505,Supermarket,TRUE,FALSE,TRUE
44.493694,26.084736,Supermarket,TRUE,FALSE,TRUE
44.487572,26.093189,Supermarket,TRUE,FALSE,TRUE
44.48243,26.030319,Supermarket,TRUE,FALSE,TRUE
44.464115,26.062037,Supermarket,TRUE,FALSE,TRUE
44.46471,26.088428,Supermarket,TRUE,FALSE,TRUE
44.445168,26.136724,Supermarket,TRUE,FALSE,TRUE
44.441261,26.134966,Supermarket,TRUE,FALSE,TRUE
44.422775,26.138865,Supermarket,TRUE,FALSE,TRUE
44.43343,26.005518,Supermarket,TRUE,FALSE,TRUE
44.436234,26.008324,Supermarket,TRUE,FALSE,TRUE
44.452084,26.047855,Supermarket,TRUE,FALSE,TRUE
44.461662,26.21106,Supermarket,TRUE,FALSE,TRUE
44.476387,26.177757,Supermarket,TRUE,FALSE,TRUE
44.465302,26.148491,Supermarket,TRUE,FALSE,TRUE
44.466003,26.147976,Supermarket,TRUE,FALSE,TRUE
44.463985,26.140636,Supermarket,TRUE,FALSE,TRUE
44.443382,26.155056,Supermarket,TRUE,FALSE,TRUE
44.437038,26.162354,Supermarket,TRUE,FALSE,TRUE
44.437374,26.169434,Supermarket,TRUE,FALSE,TRUE
44.430199,26.165882,Supermarket,TRUE,FALSE,TRUE
44.428326,26.154465,Supermarket,TRUE,FALSE,TRUE
44.418823,26.140711,Supermarket,TRUE,FALSE,TRUE
44.41341,26.142832,Supermarket,TRUE,FALSE,TRUE
44.42971,26.200359,Supermarket,TRUE,FALSE,TRUE
44.411053,26.173248,Supermarket,TRUE,FALSE,TRUE
44.413292,26.170424,Small shop,FALSE,FALSE,FALSE
44.413227,26.170835,Small shop,FALSE,FALSE,FALSE
44.413174,26.1702,Small shop,FALSE,FALSE,FALSE
44.412701,26.169811,Small shop,FALSE,FALSE,FALSE
44.413837,26.168539,Small shop,FALSE,FALSE,FALSE
44.413807,26.168552,Small shop,FALSE,FALSE,FALSE
44.414349,26.165751,Small shop,FALSE,FALSE,FALSE
44.414886,26.17115,Small shop,FALSE,TRUE,FALSE
44.451382,26.085402,Supermarket,TRUE,FALSE,TRUE
44.453468,26.080446,Small shop,FALSE,TRUE,FALSE
44.455162,26.079969,Small shop,FALSE,TRUE,FALSE
44.440769,26.100515,Supermarket,TRUE,FALSE,TRUE
44.464783,26.109915,Supermarket,TRUE,FALSE,TRUE
44.444172,26.13044,Supermarket,TRUE,FALSE,TRUE
44.429317,26.17063,Supermarket,TRUE,FALSE,TRUE
44.415619,26.170395,Supermarket,TRUE,FALSE,TRUE
44.401112,26.099447,Supermarket,TRUE,FALSE,TRUE
44.419006,26.035774,Supermarket,TRUE,FALSE,TRUE
44.399673,26.043825,Hypermarket,TRUE,FALSE,TRUE
44.399673,26.043825,Hypermarket,TRUE,FALSE,TRUE
44.395645,26.123541,Hypermarket,TRUE,FALSE,TRUE
44.437572,26.186611,Hypermarket,TRUE,FALSE,TRUE
44.433182,26.036701,Hypermarket,TRUE,FALSE,TRUE
44.506718,26.137259,Hypermarket,TRUE,FALSE,TRUE
44.442989,26.158754,Hypermarket,TRUE,FALSE,TRUE
44.428612,26.167765,Hypermarket,TRUE,FALSE,TRUE
44.419018,26.146631,Hypermarket,TRUE,FALSE,TRUE
44.399731,26.146179,Hypermarket,TRUE,FALSE,TRUE
44.434467,26.028307,Hypermarket,TRUE,FALSE,TRUE
44.434395,26.019526,Hypermarket,TRUE,FALSE,TRUE
44.438477,25.956858,Hypermarket,TRUE,FALSE,TRUE
44.416908,26.027514,Hypermarket,TRUE,FALSE,TRUE
44.427483,26.065792,Hypermarket,TRUE,FALSE,TRUE
44.425518,26.051649,Small shop,FALSE,TRUE,FALSE
44.415546,26.040911,Hypermarket,TRUE,FALSE,TRUE
44.393112,26.094131,Hypermarket,TRUE,FALSE,TRUE
44.384209,26.102066,Hypermarket,TRUE,FALSE,TRUE
44.375172,26.118483,Hypermarket,TRUE,FALSE,TRUE
44.381718,26.116016,Hypermarket,TRUE,FALSE,TRUE
44.424473,26.076618,Hypermarket,TRUE,FALSE,TRUE
44.434071,26.099731,Hypermarket,TRUE,FALSE,TRUE
44.428761,26.10607,Small shop,FALSE,TRUE,FALSE
44.465683,26.067205,Hypermarket,TRUE,FALSE,TRUE
44.482201,26.092091,Hypermarket,TRUE,FALSE,TRUE
44.414341,26.132462,Supermarket,TRUE,FALSE,TRUE
44.446766,26.126696,Small shop,FALSE,FALSE,FALSE
44.428959,26.118441,Small shop,FALSE,FALSE,FALSE
44.435547,26.113653,Small shop,FALSE,FALSE,FALSE
44.441681,26.117554,Supermarket,TRUE,FALSE,TRUE
44.441967,26.117666,Small shop,FALSE,FALSE,FALSE
44.439255,26.113352,Small shop,FALSE,FALSE,FALSE
44.437656,26.109835,Small shop,FALSE,FALSE,FALSE
44.437698,26.109842,Small shop,FALSE,FALSE,FALSE
44.438316,26.107973,Small shop,FALSE,FALSE,FALSE
44.438431,26.107929,Small shop,FALSE,TRUE,FALSE
44.438431,26.107929,Small shop,FALSE,TRUE,FALSE
44.439068,26.108019,Small shop,FALSE,FALSE,FALSE
44.439484,26.107019,Small shop,FALSE,FALSE,FALSE
44.436047,26.104959,Small shop,FALSE,FALSE,FALSE
44.433769,26.104664,Small shop,FALSE,FALSE,FALSE
44.433075,26.10701,Small shop,FALSE,FALSE,FALSE
44.429676,26.105709,Small shop,FALSE,TRUE,FALSE
44.418003,26.10453,Small shop,FALSE,FALSE,FALSE
44.417435,26.10441,Small shop,FALSE,FALSE,FALSE
44.416973,26.104572,Small shop,FALSE,FALSE,FALSE
44.425259,26.122906,Small shop,FALSE,FALSE,FALSE
44.420025,26.116282,Small shop,FALSE,FALSE,FALSE
44.415623,26.113462,Small shop,FALSE,FALSE,FALSE
44.415623,26.113462,Supermarket,TRUE,FALSE,TRUE
44.402218,26.21966,Small shop,FALSE,FALSE,FALSE
44.434258,26.094633,Small shop,FALSE,TRUE,FALSE
44.43325,26.094509,Small shop,FALSE,FALSE,FALSE
44.433517,26.094791,Small shop,FALSE,TRUE,FALSE
44.433937,26.095291,Small shop,FALSE,FALSE,FALSE
44.434261,26.097485,Small shop,FALSE,FALSE,FALSE
44.433853,26.098253,Small shop,FALSE,TRUE,FALSE
44.433052,26.096392,Small shop,FALSE,FALSE,FALSE
44.4156,26.105606,Small shop,FALSE,FALSE,FALSE
44.429855,26.100864,Small shop,FALSE,TRUE,FALSE
44.560387,25.943672,Small shop,FALSE,FALSE,FALSE
44.559753,25.945562,Small shop,FALSE,FALSE,FALSE
44.560387,25.943672,Small shop,FALSE,FALSE,FALSE
44.560387,25.943672,Small shop,FALSE,FALSE,FALSE
44.557976,25.951267,Small shop,FALSE,FALSE,FALSE
44.557552,25.951477,Small shop,FALSE,FALSE,FALSE
44.557552,25.951477,Small shop,FALSE,FALSE,FALSE
44.536312,25.989649,Small shop,FALSE,FALSE,FALSE
44.532082,25.997,Small shop,FALSE,FALSE,FALSE
44.559753,25.945562,Small shop,FALSE,FALSE,FALSE
44.410294,26.123598,Supermarket,TRUE,FALSE,TRUE
44.443645,26.095598,Supermarket,TRUE,FALSE,TRUE
44.443848,26.095942,Small shop,FALSE,TRUE,FALSE
44.443878,26.09656,Small shop,FALSE,FALSE,FALSE
44.443485,26.094524,Small shop,FALSE,TRUE,FALSE
44.405197,26.206726,Small shop,FALSE,FALSE,FALSE
44.414459,26.174524,Small shop,FALSE,FALSE,FALSE
44.414444,26.174751,Small shop,FALSE,FALSE,FALSE
44.415085,26.175325,Small shop,FALSE,FALSE,FALSE
44.414787,26.174444,Small shop,FALSE,FALSE,FALSE
44.399292,26.100142,Small shop,FALSE,TRUE,FALSE
44.398834,26.096788,Small shop,FALSE,FALSE,FALSE
44.3993,26.096937,Small shop,FALSE,FALSE,FALSE
44.39975,26.096792,Small shop,FALSE,TRUE,FALSE
44.400742,26.100779,Small shop,FALSE,FALSE,FALSE
44.400623,26.101334,Small shop,FALSE,FALSE,FALSE
44.40836,26.096216,Small shop,FALSE,TRUE,FALSE
44.411209,26.091379,Small shop,FALSE,FALSE,FALSE
44.414227,26.091856,Small shop,FALSE,FALSE,FALSE
44.415783,26.092272,Small shop,FALSE,FALSE,FALSE
44.439579,26.080132,Hypermarket,TRUE,FALSE,TRUE
44.43959,26.08016,Small shop,FALSE,FALSE,FALSE
44.440411,26.081602,Small shop,FALSE,FALSE,FALSE
44.44006,26.081738,Small shop,FALSE,TRUE,FALSE
44.44006,26.081738,Small shop,FALSE,TRUE,FALSE
44.439987,26.086565,Small shop,FALSE,FALSE,FALSE
44.440002,26.086674,Small shop,FALSE,FALSE,FALSE
44.438835,26.092676,Small shop,FALSE,FALSE,FALSE
44.43858,26.092852,Small shop,FALSE,FALSE,FALSE
44.43819,26.094288,Small shop,FALSE,TRUE,FALSE
44.438259,26.094158,Small shop,FALSE,TRUE,FALSE
44.438354,26.094057,Small shop,FALSE,TRUE,FALSE
44.438648,26.093859,Small shop,FALSE,TRUE,FALSE
44.439278,26.093575,Small shop,FALSE,TRUE,FALSE
44.439636,26.093277,Small shop,FALSE,TRUE,FALSE
44.439816,26.093218,Small shop,FALSE,TRUE,FALSE
44.439964,26.093159,Small shop,FALSE,TRUE,FALSE
44.440777,26.0952,Small shop,FALSE,TRUE,FALSE
44.442375,26.099142,Small shop,FALSE,TRUE,FALSE
44.443371,26.097549,Small shop,FALSE,FALSE,FALSE
44.440079,26.09963,Supermarket,TRUE,FALSE,TRUE
44.43951,26.099981,Small shop,FALSE,TRUE,FALSE
44.437641,26.100725,Small shop,FALSE,FALSE,FALSE
44.436703,26.101294,Small shop,FALSE,TRUE,FALSE
44.436073,26.101023,Small shop,FALSE,TRUE,FALSE
44.434673,26.099754,Small shop,FALSE,TRUE,FALSE
44.43446,26.099689,Small shop,FALSE,TRUE,FALSE
44.433819,26.09955,Small shop,FALSE,TRUE,FALSE
44.434456,26.098463,Small shop,FALSE,TRUE,FALSE
44.432671,26.097986,Small shop,FALSE,FALSE,FALSE
44.432198,26.097361,Small shop,FALSE,TRUE,FALSE
44.432533,26.09831,Small shop,FALSE,FALSE,FALSE
44.432072,26.103271,Small shop,FALSE,TRUE,FALSE
44.432789,26.101118,Small shop,FALSE,TRUE,FALSE
44.434967,26.098892,Small shop,FALSE,TRUE,FALSE
44.437084,26.098785,Small shop,FALSE,FALSE,FALSE
44.437572,26.096296,Small shop,FALSE,TRUE,FALSE
44.437599,26.095682,Supermarket,TRUE,FALSE,TRUE
44.437435,26.095367,Small shop,FALSE,TRUE,FALSE
44.437489,26.094715,Small shop,FALSE,FALSE,FALSE
44.4403,26.093208,Small shop,FALSE,TRUE,FALSE
44.422882,26.108833,Small shop,FALSE,TRUE,FALSE
44.4226,26.108982,Small shop,FALSE,FALSE,FALSE
44.421154,26.106647,Small shop,FALSE,FALSE,FALSE
44.421425,26.106474,Small shop,FALSE,FALSE,FALSE
44.421986,26.106199,Small shop,FALSE,FALSE,FALSE
44.411537,26.112389,Small shop,FALSE,FALSE,FALSE
44.410625,26.112469,Supermarket,TRUE,FALSE,TRUE
44.397682,26.1115,Small shop,FALSE,TRUE,FALSE
44.499664,26.069023,Small shop,FALSE,FALSE,FALSE
44.496662,26.196507,Small shop,FALSE,FALSE,FALSE
44.427666,26.196968,Small shop,FALSE,FALSE,FALSE
44.384357,26.134953,Small shop,FALSE,TRUE,FALSE
44.428391,26.051331,Small shop,FALSE,FALSE,FALSE
44.425598,26.145487,Small shop,FALSE,TRUE,FALSE
44.441978,26.171789,Small shop,FALSE,TRUE,FALSE
44.402023,26.091671,Small shop,FALSE,FALSE,FALSE
44.427361,26.213453,Small shop,FALSE,FALSE,FALSE
44.452377,26.07222,Small shop,FALSE,FALSE,FALSE
44.416637,26.042652,Small shop,FALSE,FALSE,FALSE
44.428204,26.200954,Small shop,FALSE,FALSE,FALSE
44.530788,26.102386,Small shop,FALSE,FALSE,FALSE
44.393745,26.048241,Small shop,FALSE,FALSE,FALSE
44.433781,26.103516,Small shop,FALSE,FALSE,FALSE
44.422516,26.063787,Small shop,FALSE,FALSE,FALSE
44.398849,26.096785,Small shop,FALSE,TRUE,FALSE
44.443974,26.094345,Small shop,FALSE,FALSE,FALSE
44.410999,26.112207,Small shop,FALSE,FALSE,FALSE
44.412922,26.109383,Small shop,FALSE,FALSE,FALSE
44.413128,26.110361,Small shop,FALSE,FALSE,FALSE
44.413792,26.109274,Small shop,FALSE,FALSE,FALSE
44.413795,26.108658,Small shop,FALSE,TRUE,FALSE
44.41449,26.107742,Small shop,FALSE,FALSE,FALSE
44.414246,26.107437,Small shop,FALSE,FALSE,FALSE
44.415627,26.110691,Supermarket,TRUE,FALSE,TRUE
44.414429,26.110792,Small shop,FALSE,TRUE,FALSE
44.412022,26.114281,Small shop,FALSE,FALSE,FALSE
44.411774,26.114376,Small shop,FALSE,FALSE,FALSE
44.410107,26.11574,Supermarket,TRUE,FALSE,TRUE
44.409618,26.116661,Small shop,FALSE,FALSE,FALSE
44.409405,26.117071,Small shop,FALSE,FALSE,FALSE
44.409485,26.117809,Small shop,FALSE,TRUE,FALSE
44.410976,26.115482,Small shop,FALSE,FALSE,FALSE
44.411388,26.115192,Small shop,FALSE,FALSE,FALSE
44.4119,26.115129,Small shop,FALSE,FALSE,FALSE
44.41209,26.114885,Supermarket,TRUE,FALSE,TRUE
44.412956,26.114452,Small shop,FALSE,FALSE,FALSE
44.43811,26.036972,Supermarket,TRUE,FALSE,TRUE
44.419567,26.115021,Small shop,FALSE,FALSE,FALSE
44.438488,26.034933,Small shop,FALSE,FALSE,FALSE
44.438488,26.034933,Small shop,FALSE,FALSE,FALSE
44.421532,26.116577,Small shop,FALSE,TRUE,FALSE
44.422359,26.115225,Small shop,FALSE,FALSE,FALSE
44.436924,26.034895,Small shop,FALSE,FALSE,FALSE
44.422443,26.114265,Small shop,FALSE,FALSE,FALSE
44.436684,26.033634,Small shop,FALSE,FALSE,FALSE
44.422066,26.111782,Small shop,FALSE,FALSE,FALSE
44.436756,26.033644,Small shop,FALSE,TRUE,FALSE
44.436768,26.033623,Small shop,FALSE,TRUE,FALSE
44.422676,26.111528,Small shop,FALSE,TRUE,FALSE
44.437233,26.031963,Small shop,FALSE,FALSE,FALSE
44.437622,26.031746,Small shop,FALSE,TRUE,FALSE
44.436623,26.031336,Small shop,FALSE,FALSE,FALSE
44.43906,26.028351,Supermarket,TRUE,FALSE,TRUE
44.418869,26.11294,Supermarket,TRUE,FALSE,TRUE
44.439758,26.02743,Small shop,FALSE,FALSE,FALSE
44.418892,26.113144,Hypermarket,TRUE,FALSE,TRUE
44.439857,26.026625,Small shop,FALSE,TRUE,FALSE
44.440212,26.025854,Small shop,FALSE,TRUE,FALSE
44.440212,26.025854,Small shop,FALSE,TRUE,FALSE
44.440113,26.025536,Small shop,FALSE,FALSE,FALSE
44.416451,26.112328,Small shop,FALSE,FALSE,FALSE
44.440334,26.025055,Small shop,FALSE,FALSE,FALSE
44.440651,26.025431,Small shop,FALSE,FALSE,FALSE
44.44072,26.025311,Small shop,FALSE,FALSE,FALSE
44.419685,26.105717,Small shop,FALSE,FALSE,FALSE
44.440483,26.024492,Small shop,FALSE,FALSE,FALSE
44.434696,26.043415,Supermarket,TRUE,FALSE,TRUE
44.43084,26.004686,Supermarket,TRUE,FALSE,TRUE
44.427589,26.016018,Supermarket,TRUE,FALSE,TRUE
44.427898,26.030781,Supermarket,TRUE,FALSE,TRUE
44.44426,26.019793,Supermarket,TRUE,FALSE,TRUE
44.417294,26.01284,Supermarket,TRUE,FALSE,TRUE
44.4109,26.007332,Supermarket,TRUE,FALSE,TRUE
44.409668,26.080334,Supermarket,TRUE,FALSE,TRUE
44.386761,26.093601,Supermarket,TRUE,FALSE,TRUE
44.376713,26.121962,Supermarket,TRUE,FALSE,TRUE
44.381458,26.152927,Supermarket,TRUE,FALSE,TRUE
44.408249,26.178911,Supermarket,TRUE,FALSE,TRUE
44.412037,26.149815,Supermarket,TRUE,FALSE,TRUE
44.42561,26.168509,Supermarket,TRUE,FALSE,TRUE
44.450932,26.146606,Supermarket,TRUE,FALSE,TRUE
44.480125,26.041674,Supermarket,TRUE,FALSE,TRUE
44.410023,26.078609,Supermarket,TRUE,FALSE,TRUE
44.377632,26.099783,Supermarket,TRUE,FALSE,TRUE
44.41967,26.176407,Supermarket,TRUE,FALSE,TRUE
44.494411,26.130131,Supermarket,TRUE,FALSE,TRUE
44.456421,26.043732,Supermarket,TRUE,FALSE,TRUE
44.413212,26.178535,Supermarket,TRUE,FALSE,TRUE
44.441051,26.032759,Supermarket,TRUE,FALSE,TRUE
44.438999,26.022753,Supermarket,TRUE,FALSE,TRUE
44.433121,26.010307,Supermarket,TRUE,FALSE,TRUE
44.412182,26.163849,Supermarket,TRUE,FALSE,TRUE
44.443928,26.144571,Supermarket,TRUE,FALSE,TRUE
44.444206,26.141764,Supermarket,TRUE,FALSE,TRUE
44.444782,26.136101,Supermarket,TRUE,FALSE,TRUE
44.443748,26.118328,Small shop,FALSE,TRUE,FALSE
44.409695,26.069429,Supermarket,TRUE,FALSE,TRUE
44.405914,26.074886,Supermarket,TRUE,FALSE,TRUE
44.392776,26.082142,Supermarket,TRUE,FALSE,TRUE
44.409496,26.059412,Supermarket,TRUE,FALSE,TRUE
44.415371,26.043594,Supermarket,TRUE,FALSE,TRUE
44.412479,26.018341,Supermarket,TRUE,FALSE,TRUE
44.41877,26.019026,Supermarket,TRUE,FALSE,TRUE
44.425774,26.018223,Supermarket,TRUE,FALSE,TRUE
44.399006,26.106838,Supermarket,TRUE,FALSE,TRUE
44.403889,26.096348,Small shop,FALSE,FALSE,FALSE
44.404488,26.09602,Small shop,FALSE,FALSE,FALSE
44.405117,26.095594,Small shop,FALSE,FALSE,FALSE
44.405621,26.095007,Small shop,FALSE,FALSE,FALSE
44.418629,26.096375,Supermarket,TRUE,FALSE,TRUE
44.418552,26.096125,Small shop,FALSE,FALSE,FALSE
44.419151,26.095028,Small shop,FALSE,FALSE,FALSE
44.420128,26.095453,Small shop,FALSE,FALSE,FALSE
44.421581,26.095915,Small shop,FALSE,FALSE,FALSE
44.427155,26.10751,Small shop,FALSE,FALSE,FALSE
44.426956,26.118795,Small shop,FALSE,FALSE,FALSE
44.427563,26.119776,Small shop,FALSE,FALSE,FALSE
44.427544,26.120039,Small shop,FALSE,FALSE,FALSE
44.430649,26.126163,Small shop,FALSE,FALSE,FALSE
44.426376,26.127462,Small shop,FALSE,TRUE,FALSE
44.426079,26.125803,Small shop,FALSE,FALSE,FALSE
44.426262,26.124281,Small shop,FALSE,FALSE,FALSE
44.43042,26.106894,Hypermarket,TRUE,FALSE,TRUE
44.434994,26.106939,Small shop,FALSE,FALSE,FALSE
44.43494,26.10675,Small shop,FALSE,TRUE,FALSE
44.435814,26.106012,Small shop,FALSE,TRUE,FALSE
44.435982,26.106615,Small shop,FALSE,TRUE,FALSE
44.445099,26.099621,Supermarket,TRUE,FALSE,TRUE
44.444168,26.098551,Small shop,FALSE,FALSE,FALSE
44.44519,26.100039,Small shop,FALSE,FALSE,FALSE
44.444263,26.100906,Small shop,FALSE,TRUE,FALSE
44.44434,26.10306,Supermarket,TRUE,FALSE,TRUE
44.443645,26.101349,Supermarket,TRUE,FALSE,TRUE
44.443645,26.101349,Supermarket,TRUE,FALSE,TRUE
44.440907,26.102118,Small shop,FALSE,FALSE,FALSE
44.44091,26.102247,Small shop,FALSE,FALSE,FALSE
44.44141,26.104324,Supermarket,TRUE,FALSE,TRUE
44.44212,26.106417,Small shop,FALSE,TRUE,FALSE
44.443371,26.106735,Supermarket,TRUE,FALSE,TRUE
44.443859,26.108219,Small shop,FALSE,FALSE,FALSE
44.442101,26.109795,Small shop,FALSE,FALSE,FALSE
44.433918,26.102781,Small shop,FALSE,TRUE,FALSE
44.433659,26.102556,Small shop,FALSE,FALSE,FALSE
44.430664,26.103224,Small shop,FALSE,TRUE,FALSE
44.430721,26.103138,Small shop,FALSE,TRUE,FALSE
44.430515,26.103037,Small shop,FALSE,TRUE,FALSE
44.420395,26.103355,Small shop,FALSE,TRUE,FALSE
44.417511,26.100628,Small shop,FALSE,FALSE,FALSE
44.417389,26.100866,Small shop,FALSE,FALSE,FALSE
44.415737,26.101498,Small shop,FALSE,FALSE,FALSE
44.415379,26.101915,Small shop,FALSE,FALSE,FALSE
44.415436,26.102003,Small shop,FALSE,FALSE,FALSE
44.409676,26.098288,Small shop,FALSE,FALSE,FALSE
44.407864,26.09635,Small shop,FALSE,TRUE,FALSE
44.406876,26.094982,Small shop,FALSE,FALSE,FALSE
44.396858,26.109461,Small shop,FALSE,FALSE,FALSE
44.396744,26.109463,Small shop,FALSE,FALSE,FALSE
44.395069,26.109669,Small shop,FALSE,TRUE,FALSE
44.395618,26.109894,Small shop,FALSE,FALSE,FALSE
44.394531,26.109755,Small shop,FALSE,FALSE,FALSE
44.394451,26.109764,Small shop,FALSE,FALSE,FALSE
44.394878,26.10973,Small shop,FALSE,FALSE,FALSE
44.39957,26.120468,Small shop,FALSE,FALSE,FALSE
44.399567,26.120035,Small shop,FALSE,FALSE,FALSE
44.399551,26.120182,Small shop,FALSE,FALSE,FALSE
44.404953,26.120789,Small shop,FALSE,FALSE,FALSE
44.407356,26.120344,Small shop,FALSE,FALSE,FALSE
44.412663,26.122156,Small shop,FALSE,FALSE,FALSE
44.411579,26.13131,Small shop,FALSE,FALSE,FALSE
44.413685,26.122387,Small shop,FALSE,FALSE,FALSE
44.411068,26.131613,Small shop,FALSE,FALSE,FALSE
44.414352,26.12538,Small shop,FALSE,FALSE,FALSE
44.411018,26.131454,Small shop,FALSE,FALSE,FALSE
44.410477,26.13065,Small shop,FALSE,FALSE,FALSE
44.416538,26.130033,Small shop,FALSE,FALSE,FALSE
44.416283,26.130383,Small shop,FALSE,FALSE,FALSE
44.416954,26.127865,Small shop,FALSE,TRUE,FALSE
44.416843,26.127335,Small shop,FALSE,FALSE,FALSE
44.41291,26.134226,Small shop,FALSE,FALSE,FALSE
44.413364,26.129082,Small shop,FALSE,FALSE,FALSE
44.414665,26.128757,Small shop,FALSE,FALSE,FALSE
44.414738,26.133118,Small shop,FALSE,FALSE,FALSE
44.414997,26.133089,Small shop,FALSE,FALSE,FALSE
44.416218,26.129602,Small shop,FALSE,FALSE,FALSE
44.414955,26.133732,Small shop,FALSE,FALSE,FALSE
44.411407,26.136141,Small shop,FALSE,TRUE,FALSE
44.409805,26.137379,Small shop,FALSE,TRUE,FALSE
44.409206,26.138,Small shop,FALSE,FALSE,FALSE
44.409733,26.139864,Small shop,FALSE,FALSE,FALSE
44.409752,26.140564,Small shop,FALSE,FALSE,FALSE
44.40966,26.140659,Small shop,FALSE,FALSE,FALSE
44.411839,26.140253,Small shop,FALSE,TRUE,FALSE
44.412254,26.140078,Small shop,FALSE,FALSE,FALSE
44.412346,26.140066,Small shop,FALSE,FALSE,FALSE
44.414909,26.140823,Small shop,FALSE,FALSE,FALSE
44.415161,26.140816,Small shop,FALSE,FALSE,FALSE
44.423218,26.132576,Small shop,FALSE,FALSE,FALSE
44.41534,26.140783,Small shop,FALSE,FALSE,FALSE
44.415371,26.140766,Small shop,FALSE,FALSE,FALSE
44.416237,26.141272,Small shop,FALSE,FALSE,FALSE
44.416149,26.141237,Small shop,FALSE,FALSE,FALSE
44.416119,26.141277,Small shop,FALSE,FALSE,FALSE
44.416473,26.141014,Small shop,FALSE,FALSE,FALSE
44.417511,26.140587,Small shop,FALSE,FALSE,FALSE
44.419037,26.138557,Small shop,FALSE,FALSE,FALSE
44.424122,26.129498,Hypermarket,TRUE,FALSE,TRUE
44.423538,26.129618,Small shop,FALSE,FALSE,FALSE
44.419365,26.137039,Small shop,FALSE,FALSE,FALSE
44.419006,26.136385,Small shop,FALSE,FALSE,FALSE
44.418564,26.136223,Supermarket,TRUE,FALSE,TRUE
44.418095,26.135944,Small shop,FALSE,FALSE,FALSE
44.417786,26.136496,Small shop,FALSE,FALSE,FALSE
44.417747,26.138344,Small shop,FALSE,FALSE,FALSE
44.418419,26.14189,Small shop,FALSE,FALSE,FALSE
44.418579,26.141893,Small shop,FALSE,TRUE,FALSE
44.416157,26.139011,Small shop,FALSE,FALSE,FALSE
44.418343,26.14348,Small shop,FALSE,FALSE,FALSE
44.417812,26.145147,Small shop,FALSE,FALSE,FALSE
44.418198,26.145662,Small shop,FALSE,TRUE,FALSE
44.414623,26.143082,Small shop,FALSE,FALSE,FALSE
44.414711,26.140411,Small shop,FALSE,FALSE,FALSE
44.414711,26.140411,Small shop,FALSE,FALSE,FALSE
44.41449,26.143026,Small shop,FALSE,FALSE,FALSE
44.41391,26.142748,Small shop,FALSE,TRUE,FALSE
44.415558,26.139626,Small shop,FALSE,FALSE,FALSE
44.413063,26.142635,Small shop,FALSE,FALSE,FALSE
44.413063,26.142635,Small shop,FALSE,FALSE,FALSE
44.415058,26.138161,Small shop,FALSE,FALSE,FALSE
44.412266,26.141582,Small shop,FALSE,FALSE,FALSE
44.412159,26.141399,Small shop,FALSE,FALSE,FALSE
44.414421,26.139383,Supermarket,TRUE,FALSE,TRUE
44.414196,26.139488,Small shop,FALSE,FALSE,FALSE
44.41275,26.138445,Small shop,FALSE,FALSE,FALSE
44.411812,26.136301,Small shop,FALSE,FALSE,FALSE
44.414207,26.136642,Small shop,FALSE,FALSE,FALSE
44.407848,26.120003,Small shop,FALSE,FALSE,FALSE
44.43029,26.092468,Supermarket,TRUE,FALSE,TRUE
44.431236,26.092571,Small shop,FALSE,FALSE,FALSE
44.430168,26.096931,Small shop,FALSE,TRUE,FALSE
44.430691,26.096638,Small shop,FALSE,FALSE,FALSE
44.440533,26.092796,Small shop,FALSE,FALSE,FALSE
44.441116,26.092474,Small shop,FALSE,FALSE,FALSE
44.436848,26.099957,Small shop,FALSE,FALSE,FALSE
44.423058,26.120331,Small shop,FALSE,FALSE,FALSE
44.423832,26.120659,Small shop,FALSE,TRUE,FALSE
44.423836,26.120056,Small shop,FALSE,TRUE,FALSE
44.422985,26.11837,Small shop,FALSE,FALSE,FALSE
44.422398,26.118006,Small shop,FALSE,FALSE,FALSE
44.420624,26.116459,Small shop,FALSE,TRUE,FALSE
44.415379,26.134064,Small shop,FALSE,FALSE,FALSE
44.42104,26.137159,Small shop,FALSE,FALSE,FALSE
44.423141,26.137497,Small shop,FALSE,FALSE,FALSE
44.420235,26.139565,Small shop,FALSE,FALSE,FALSE
44.420197,26.139589,Small shop,FALSE,FALSE,FALSE
44.42004,26.139257,Small shop,FALSE,TRUE,FALSE
44.419964,26.138775,Small shop,FALSE,FALSE,FALSE
44.420013,26.138575,Small shop,FALSE,FALSE,FALSE
44.422653,26.136776,Small shop,FALSE,FALSE,FALSE
44.424217,26.136616,Small shop,FALSE,FALSE,FALSE
44.424446,26.136658,Small shop,FALSE,FALSE,FALSE
44.426346,26.137417,Small shop,FALSE,FALSE,FALSE
44.426853,26.137611,Supermarket,TRUE,FALSE,TRUE
44.429146,26.138515,Small shop,FALSE,FALSE,FALSE
44.429699,26.138746,Small shop,FALSE,FALSE,FALSE
44.430763,26.138662,Small shop,FALSE,FALSE,FALSE
44.433388,26.137629,Small shop,FALSE,FALSE,FALSE
44.434944,26.137114,Small shop,FALSE,FALSE,FALSE
44.43576,26.137299,Small shop,FALSE,TRUE,FALSE
44.436943,26.136406,Small shop,FALSE,FALSE,FALSE
44.43153,26.132957,Small shop,FALSE,FALSE,FALSE
44.431297,26.132626,Small shop,FALSE,TRUE,FALSE
44.437771,26.135731,Supermarket,TRUE,FALSE,TRUE
44.43924,26.135559,Hypermarket,TRUE,FALSE,TRUE
44.440762,26.134577,Small shop,FALSE,TRUE,FALSE
44.440739,26.133125,Small shop,FALSE,FALSE,FALSE
44.440071,26.134222,Supermarket,TRUE,FALSE,TRUE
44.439198,26.135101,Small shop,FALSE,FALSE,FALSE
44.439072,26.134581,Small shop,FALSE,FALSE,FALSE
44.438786,26.134174,Small shop,FALSE,FALSE,FALSE
44.438324,26.135324,Farmer's market,FALSE,FALSE,FALSE
44.437576,26.135197,Small shop,FALSE,FALSE,FALSE
44.440189,26.134344,Small shop,FALSE,TRUE,FALSE
44.440971,26.132223,Small shop,FALSE,FALSE,FALSE
44.440937,26.132055,Small shop,FALSE,TRUE,FALSE
44.442085,26.131329,Small shop,FALSE,FALSE,FALSE
44.441998,26.131075,Small shop,FALSE,FALSE,FALSE
44.442207,26.130577,Small shop,FALSE,FALSE,FALSE
44.444138,26.129025,Small shop,FALSE,FALSE,FALSE
44.445518,26.127483,Supermarket,TRUE,FALSE,TRUE
44.445885,26.127203,Small shop,FALSE,TRUE,FALSE
44.44585,26.127075,Small shop,FALSE,TRUE,FALSE
44.448158,26.125261,Small shop,FALSE,TRUE,FALSE
44.445988,26.12645,Small shop,FALSE,FALSE,FALSE
44.445923,26.126274,Small shop,FALSE,FALSE,FALSE
44.444138,26.128113,Small shop,FALSE,FALSE,FALSE
44.451252,26.121267,Small shop,FALSE,FALSE,FALSE
44.451065,26.121758,Small shop,FALSE,FALSE,FALSE
44.451832,26.119362,Small shop,FALSE,FALSE,FALSE
44.452293,26.119623,Small shop,FALSE,FALSE,FALSE
44.452122,26.11817,Supermarket,TRUE,FALSE,TRUE
44.452599,26.118155,Small shop,FALSE,TRUE,FALSE
44.452873,26.115246,Small shop,FALSE,FALSE,FALSE
44.452492,26.114841,Supermarket,TRUE,FALSE,TRUE
44.452557,26.11355,Small shop,FALSE,TRUE,FALSE
44.452583,26.112942,Small shop,FALSE,FALSE,FALSE
44.45269,26.110977,Supermarket,TRUE,FALSE,TRUE
44.452583,26.10895,Small shop,FALSE,FALSE,FALSE
44.45269,26.108807,Small shop,FALSE,FALSE,FALSE
44.453129,26.10734,Supermarket,TRUE,FALSE,TRUE
44.452648,26.103472,Farmer's market,FALSE,FALSE,FALSE
44.452652,26.103512,Small shop,FALSE,FALSE,FALSE
44.452778,26.103188,Farmer's market,FALSE,FALSE,FALSE
44.452778,26.103024,Supermarket,TRUE,FALSE,TRUE
44.452721,26.101254,Small shop,FALSE,FALSE,FALSE
44.453262,26.101374,Small shop,FALSE,FALSE,FALSE
44.453255,26.098331,Small shop,FALSE,TRUE,FALSE
44.453659,26.099356,Farmer's market,FALSE,FALSE,FALSE
44.453651,26.098948,Small shop,FALSE,FALSE,FALSE
44.45409,26.098698,Small shop,FALSE,TRUE,FALSE
44.454121,26.099768,Supermarket,TRUE,FALSE,TRUE
44.454498,26.100702,Small shop,FALSE,TRUE,FALSE
44.453354,26.098299,Small shop,FALSE,FALSE,FALSE
44.453354,26.098299,Small shop,FALSE,FALSE,FALSE
44.452763,26.09812,Small shop,FALSE,TRUE,FALSE
44.45269,26.09786,Small shop,FALSE,FALSE,FALSE
44.452526,26.097565,Supermarket,TRUE,FALSE,TRUE
44.452549,26.094297,Small shop,FALSE,FALSE,FALSE
44.45285,26.092703,Small shop,FALSE,FALSE,FALSE
44.451576,26.093384,Small shop,FALSE,FALSE,FALSE
44.449745,26.096218,Small shop,FALSE,FALSE,FALSE
44.449085,26.096392,Small shop,FALSE,FALSE,FALSE
44.446796,26.097715,Small shop,FALSE,TRUE,FALSE
44.446575,26.097296,Small shop,FALSE,TRUE,FALSE
44.446251,26.097342,Small shop,FALSE,FALSE,FALSE
44.445316,26.098024,Small shop,FALSE,FALSE,FALSE
44.419273,26.138929,Small shop,FALSE,FALSE,FALSE
44.415154,26.133245,Small shop,FALSE,TRUE,FALSE
44.417717,26.145382,Supermarket,TRUE,FALSE,TRUE
44.416729,26.14987,Small shop,FALSE,FALSE,FALSE
44.415504,26.154053,Small shop,FALSE,FALSE,FALSE
44.415436,26.154537,Small shop,FALSE,TRUE,FALSE
44.415215,26.154688,Small shop,FALSE,FALSE,FALSE
44.415199,26.15472,Farmer's market,FALSE,FALSE,FALSE
44.415257,26.154978,Small shop,FALSE,FALSE,FALSE
44.415092,26.154585,Small shop,FALSE,FALSE,FALSE
44.413841,26.155174,Supermarket,TRUE,FALSE,TRUE
44.413723,26.155615,Small shop,FALSE,FALSE,FALSE
44.414188,26.15427,Small shop,FALSE,FALSE,FALSE
44.413635,26.15589,Small shop,FALSE,FALSE,FALSE
44.413494,26.15637,Small shop,FALSE,TRUE,FALSE
44.412971,26.16272,Supermarket,TRUE,FALSE,TRUE
44.413349,26.162966,Small shop,FALSE,TRUE,FALSE
44.41428,26.163795,Small shop,FALSE,TRUE,FALSE
44.413906,26.164825,Farmer's market,FALSE,FALSE,FALSE
44.41473,26.16502,Small shop,FALSE,TRUE,FALSE
44.412045,26.163778,Small shop,FALSE,FALSE,FALSE
44.413754,26.165209,Small shop,FALSE,FALSE,FALSE
44.41312,26.165316,Small shop,FALSE,TRUE,FALSE
44.420918,26.163664,Hypermarket,TRUE,FALSE,TRUE
44.420925,26.163359,Small shop,FALSE,FALSE,FALSE
44.421406,26.163757,Supermarket,TRUE,FALSE,TRUE
44.421532,26.163309,Small shop,FALSE,FALSE,FALSE
44.421429,26.162888,Small shop,FALSE,FALSE,FALSE
44.418423,26.146025,Farmer's market,FALSE,FALSE,FALSE
44.418819,26.146658,Small shop,FALSE,FALSE,FALSE
44.424397,26.13817,Small shop,FALSE,TRUE,FALSE
44.424397,26.13817,Small shop,FALSE,TRUE,FALSE
44.425255,26.146675,Small shop,FALSE,FALSE,FALSE
44.42556,26.148064,Small shop,FALSE,TRUE,FALSE
44.425877,26.148041,Supermarket,TRUE,FALSE,TRUE